SABEVENTS,Penny
MAGS813ETF,Penny
KOTAKCONS,Penny
ALPSINDUS,Penny
NKIND,Penny
CREATIVEYE,Penny
MOLOWVOL,Penny
GROBTEA,Penny
NORBTEAEXP,Penny
SDL24BEES,Penny
TVVISION,Penny
MOGSEC,Penny
MOHEALTH,Penny
TARAPUR,Penny
HDFCBSE500,Penny
GLFL,Penny
SHYAMTEL,Penny
UTISXN50,Penny
DSPN50ETF,Penny
IMPEXFERRO,Penny
BSLSENETFG,Penny
MAGOLDETF,Penny
ABSLLIQUID,Penny
HYBRIDFIN,Penny
NPBET,Penny
INCREDIBLE,Penny
ABSLNN50ET,Penny
ICICICONSU,Penny
UMESLTD,Penny
HDFCLOWVOL,Penny
THOMASCOTT,Penny
LAXMICOT,Penny
DBSTOCKBRO,Penny
IBMFNIFTY,Penny
KHAITANLTD,Penny
SINTERCOM,Penny
MOVALUE,Penny
IDFNIFTYET,Penny
FMNL,Penny
21STCENMGM,Penny
HDFCMOMENT,Penny
GKWLIMITED,Penny
TIJARIA,Penny
SETCO,Penny
BOHRAIND,Penny
LICNETFN50,Penny
GILLANDERS,Penny
PANSARI,Penny
MOHITIND,Penny
KAVVERITEL,Penny
LOTUSEYE,Penny
ICICIINFRA,Penny
SDL26BEES,Penny
LYPSAGEMS,Penny
TGBHOTELS,Penny
VIPULLTD,Penny
ICICIFIN,Penny
KOTAKMNC,Penny
MANOMAY,Penny
CMICABLES,Penny
SUPREMEENG,Penny
NEXTMEDIA,Penny
SILLYMONKS,Penny
INFOMEDIA,Penny
HECPROJECT,Penny
CONSOFINVT,Penny
AXISBPSETF,Penny
HBSL,Penny
TOUCHWOOD,Penny
SILINV,Penny
ICICICOMMO,Penny
SAMBHAAV,Penny
NETF,Penny
TEXINFRA,Penny
MOMENTUM,Penny
WSI,Penny
MOM50,Penny
ARENTERP,Penny
SBIETFQLTY,Penny
HDFCPVTBAN,Penny
SURYALAXMI,Penny
WEALTH,Penny
SILGO,Penny
AXISHCETF,Penny
AROGRANITE,Penny
RAJTV,Penny
WILLAMAGOR,Penny
LCCINFOTEC,Penny
SUPERSPIN,Penny
MAMFGETF,Penny
DAMODARIND,Penny
ICICI5GSEC,Penny
HDFCNIF100,Penny
AXISCETF,Penny
ORIENTABRA,Penny
LICNETFSEN,Penny
ORIENTALTL,Penny
TECH,Penny
SANGINITA,Penny
SHIVAMILLS,Penny
HEXATRADEX,Penny
MANUGRAPH,Penny
MOMOMENTUM,Penny
WELINV,Penny
SHARIABEES,Penny
HDFCNEXT50,Penny
NAGREEKEXP,Penny
KAPSTON,Penny
PRAXIS,Penny
MANAKCOAT,Penny
HDFCQUAL,Penny
DHUNINV,Penny
STARTECK,Penny
AUSOMENT,Penny
MRO-TEK,Penny
NIFTYQLITY,Penny
KOTAKLOVOL,Penny
SBIETFCON,Penny
JOCIL,Penny
TECHIN,Penny
LPDC,Penny
XELPMOC,Penny
DSPSILVETF,Penny
UTISENSETF,Penny
AIROLAM,Penny
ASPINWALL,Penny
MADHAV,Penny
COUNCODOS,Penny
DCMFINSERV,Penny
ARVEE,Penny
DSPBANKETF,Penny
DNAMEDIA,Penny
AXISILVER,Penny
BANG,Penny
CROWN,Penny
SHAHALLOYS,Penny
CYBERMEDIA,Penny
MANV30F,Penny
RVHL,Penny
ORIENTLTD,Penny
ELDEHSG,Penny
MADHUCON,Penny
HEALTHY,Penny
KAUSHALYA,Penny
ROLLT,Penny
MALUPAPER,Penny
NOIDATOLL,Penny
SPMLINFRA,Penny
HIRECT,Penny
SEPOWER,Penny
MAN50ETF,Penny
BEDMUTHA,Penny
SBIETFPB,Penny
ROML,Penny
AVONMORE,Penny
BIL,Penny
MUKTAARTS,Penny
ORTINLAB,Penny
CALSOFT,Penny
TTL,Penny
HDFCGROWTH,Penny
AARVEEDEN,Penny
IVZINGOLD,Penny
SHRADHA,Penny
SGL,Penny
SUPREMEINF,Penny
ICICI500,Penny
SMSLIFE,Penny
WINPRO,Penny
PREMIERPOL,Penny
GANGAFORGE,Penny
SALONA,Penny
KOTAKMID50,Penny
ANKITMETAL,Penny
THEINVEST,Penny
SGIL,Penny
SUPERHOUSE,Penny
NILAINFRA,Penny
GEECEE,Penny
PEARLPOLY,Penny
ARTNIRMAN,Penny
BCP,Penny
SECURCRED,Penny
RANEENGINE,Penny
RSSOFTWARE,Penny
SADBHIN,Penny
JMA,Penny
DELPHIFX,Penny
MAESGETF,Penny
WEWIN,Penny
GANGESSECU,Penny
SAGARDEEP,Penny
LICNETFGSC,Penny
SHANTI,Penny
LOYALTEX,Penny
SHIVATEX,Penny
EMMBI,Penny
DTIL,Penny
A2ZINFRA,Penny
AKSHARCHEM,Penny
OSWALAGRO,Penny
AXISBNKETF,Penny
ATLANTA,Penny
NV20BEES,Penny
BALPHARMA,Penny
JAIPURKURT,Penny
PRAENG,Penny
ONELIFECAP,Penny
COMPUSOFT,Penny
NILASPACES,Penny
NDGL,Penny
AGRITECH,Penny
MBLINFRA,Penny
ANTGRAPHIC,Penny
IVP,Penny
UNITEDTEA,Penny
DSPNEWETF,Penny
BRNL,Penny
SIGIND,Penny
BIOFILCHEM,Penny
PATINTLOG,Penny
ANIKINDS,Penny
SIKKO,Penny
ICICIPHARM,Penny
GUJAPOLLO,Penny
BHAGYANGR,Penny
UNIVPHOTO,Penny
FLEXITUFF,Penny
ALMONDZ,Penny
PALASHSECU,Penny
DRCSYSTEMS,Penny
ICICIMOM30,Penny
PILITA,Penny
LICNFNHGP,Penny
KICL,Penny
DJML,Penny
NITIRAJ,Penny
DCI,Penny
BANARBEADS,Penny
LFIC,Penny
DGCONTENT,Penny
SUMMITSEC,Penny
IFBAGRO,Penny
SREEL,Penny
STCINDIA,Penny
RPPL,Penny
RADIOCITY,Penny
CCHHL,Penny
IRIS,Penny
CINEVISTA,Penny
KANPRPLA,Penny
LIBAS,Penny
PGIL,Penny
MONQ50,Penny
INDSWFTLTD,Penny
NIPPOBATRY,Penny
WEL,Penny
AXISNIFTY,Penny
BSLNIFTY,Penny
BSL,Penny
BHAGERIA,Penny
DPSCLTD,Penny
HOVS,Penny
TERASOFT,Penny
BALKRISHNA,Penny
ESSARSHPNG,Penny
IVC,Penny
STEL,Penny
INFRABEES,Penny
PIONEEREMB,Penny
OILCOUNTUB,Penny
UTIBANKETF,Penny
DHRUV,Penny
TPLPLASTEH,Penny
MAHEPC,Penny
QNIFTY,Penny
REMSONSIND,Penny
KOTHARIPRO,Penny
ICICIBANKP,Penny
PAR,Penny
DEVIT,Penny
BANKA,Penny
MAHAPEXLTD,Penny
ICICIMCAP,Penny
CTE,Penny
3PLAND,Penny
NAGREEKCAP,Penny
MARALOVER,Penny
UCALFUEL,Penny
KANANIIND,Penny
CORALFINAC,Penny
JHS,Penny
PASUPTAC,Penny
MGEL,Penny
NGIL,Penny
MAHASTEEL,Penny
AAREYDRUGS,Penny
INSPIRISYS,Penny
DSPQ50ETF,Penny
MANAKALUCO,Penny
VIJIFIN,Penny
WEIZMANIND,Penny
MORARJEE,Penny
HDFCVALUE,Penny
VHL,Penny
HINDCON,Penny
AKASH,Penny
MAZDA,Penny
JAYAGROGN,Penny
BBTCL,Penny
VINEETLAB,Penny
SARLAPOLY,Penny
DIVOPPBEES,Penny
HEADSUP,Penny
EXCEL,Penny
ICICIFMCG,Penny
SOFTTECH,Penny
AIRAN,Penny
ZODIACLOTH,Penny
UNITEDPOLY,Penny
TREEHOUSE,Penny
UNIENTER,Penny
GPTINFRA,Penny
ICICIM150,Penny
GAL,Penny
VCL,Penny
GULFPETRO,Penny
PPAP,Penny
PODDARMENT,Penny
RKEC,Penny
BSLGOLDETF,Penny
SONAMCLOCK,Penny
DICIND,Penny
AMDIND,Penny
DELTAMAGNT,Penny
GSCLCEMENT,Penny
IMPAL,Penny
NITCO,Penny
BHANDARI,Penny
APOLSINHOT,Penny
IFGLEXPOR,Penny
CAPTRUST,Penny
PSUBANKICI,Penny
MUNJALSHOW,Penny
MICEL,Penny
KRITINUT,Penny
MEGASOFT,Penny
WINDMACHIN,Penny
BYKE,Penny
KAKATCEM,Penny
INDOTECH,Penny
MOKSH,Penny
AJOONI,Penny
NIF100BEES,Penny
HMVL,Penny
MANAKSTEEL,Penny
SUNDARAM,Penny
HDFCMID150,Penny
COASTCORP,Penny
LGBFORGE,Penny
TIPSFILMS,Penny
ORICONENT,Penny
ORBTEXP,Penny
SURANAT&P,Penny
SMCGLOBAL,Penny
EMKAY,Penny
NINSYS,Penny
DIGISPICE,Penny
SHREEPUSHK,Penny
MUNJALAU,Penny
WATERBASE,Penny
KILITCH,Penny
ARCHIDPLY,Penny
ICICISENSX,Penny
UMANGDAIRY,Penny
NIBL,Penny
GLOBALVECT,Penny
JAYSREETEA,Penny
TREJHARA,Penny
ICICINF100,Penny
ALLSEC,Penny
GOKUL,Penny
SAHYADRI,Penny
EMAMIPAP,Penny
BAGFILMS,Penny
AKG,Penny
SANGAMIND,Penny
ICICINXT50,Penny
MEGASTAR,Penny
AAKASH,Penny
TAINWALCHM,Penny
RKDL,Penny
THANGAMAYL,Penny
MURUDCERA,Penny
ELECTHERM,Penny
SHIVAMAUTO,Penny
STEELCITY,Penny
MAFSETF,Penny
IITL,Penny
MCL,Penny
ZIMLAB,Penny
AGROPHOS,Penny
E2E,Penny
MAXIND,Penny
JISLDVREQS,Penny
DUCON,Penny
GANDHITUBE,Penny
CENTEXT,Penny
ALPHAGEO,Penny
AXISTECETF,Penny
AUTOIND,Penny
ALANKIT,Penny
CORDSCABLE,Penny
MINDTECK,Penny
AHLEAST,Penny
SHRENIK,Penny
GINNIFILA,Penny
UNIVASTU,Penny
HINDCOMPOS,Penny
DEEPENR,Penny
CINELINE,Penny
TNIDETF,Penny
INDORAMA,Penny
KRIDHANINF,Penny
GFLLIMITED,Penny
PTL,Penny
HNGSNGBEES,Penny
ENIL,Penny
HBANKETF,Penny
ZENITHSTL,Penny
GOLDTECH,Penny
AARON,Penny
SBGLP,Penny
AMJLAND,Penny
ELGIRUBCO,Penny
CREATIVE,Penny
CSLFINANCE,Penny
NGLFINE,Penny
ICICIAUTO,Penny
TFL,Penny
TARMAT,Penny
KSHITIJPOL,Penny
ASTRON,Penny
VISHAL,Penny
AHL,Penny
PODDARHOUS,Penny
MODISONLTD,Penny
HDFCNIFIT,Penny
ICICILOVOL,Penny
NRAIL,Penny
PALREDTEC,Penny
GAYAHWS,Penny
SHYAMCENT,Penny
GLOBE,Penny
ZUARIIND,Penny
BINANIIND,Penny
SAKAR,Penny
MATRIMONY,Penny
CELEBRITY,Penny
ZEELEARN,Penny
SETF10GILT,Penny
SHREYANIND,Penny
UNIINFO,Penny
LOVABLE,Penny
BLBLIMITED,Penny
TIRUPATIFL,Penny
CREST,Penny
HITECHGEAR,Penny
INDSWFTLAB,Penny
RHFL,Penny
ANDREWYU,Penny
NXTDIGITAL,Penny
WORTH,Penny
HISARMETAL,Penny
STEELCAS,Penny
KANORICHEM,Penny
LTGILTBEES,Penny
KRITI,Penny
BIRLAMONEY,Penny
LAGNAM,Penny
BURNPUR,Penny
VISESHINFO,Penny
BPL,Penny
RUCHIRA,Penny
JAYBARMARU,Penny
RPPINFRA,Penny
KEYFINSERV,Penny
INDIANCARD,Penny
CONSUMBEES,Penny
PVP,Penny
ADVANIHOTR,Penny
DVL,Penny
BEARDSELL,Penny
NSIL,Penny
HDFCSML250,Penny
V2RETAIL,Penny
MANAKSIA,Penny
SHAILY,Penny
MAGNUM,Penny
NIRAJ,Penny
IFBIND,Penny
RITCO,Penny
DCM,Penny
GENUSPAPER,Penny
PRITIKAUTO,Penny
NAGAFERT,Penny
JAYNECOIND,Penny
SUKHJITS,Penny
BALAJITELE,Penny
FIBERWEB,Penny
JAIBALAJI,Penny
SECURKLOUD,Penny
APCL,Penny
NECLIFE,Penny
WENDT,Penny
SIMBHALS,Penny
BHAGCHEM,Penny
FCONSUMER,Penny
QUICKHEAL,Penny
EBBETF0433,Penny
ALBERTDAVD,Penny
EIFFL,Penny
IEL,Penny
LASA,Penny
TOTAL,Penny
GALLANTT,Penny
MANXT50,Penny
ENERGYDEV,Penny
ARMANFIN,Penny
HATSUN,Penny
ABSLBANETF,Penny
MAANALU,Penny
GULFOILLUB,Penny
AXSENSEX,Penny
SHEMAROO,Penny
POCL,Penny
AKSHOPTFBR,Penny
SHALPAINTS,Penny
SANDESH,Penny
SWELECTES,Penny
NOVARTIND,Penny
MAHESHWARI,Penny
PARSVNATH,Penny
AVTNPL,Penny
QGOLDHALF,Penny
RADHIKAJWE,Penny
OBCL,Penny
SILVERTUC,Penny
SITINET,Penny
UTINIFTETF,Penny
RELCHEMQ,Penny
BAIDFIN,Penny
BHARATGEAR,Penny
PNC,Penny
DOLATALGO,Penny
GENESYS,Penny
AVROIND,Penny
AXISGOLD,Penny
NECCLTD,Penny
BUTTERFLY,Penny
HARRMALAYA,Penny
MASPTOP50,Penny
SUNDARMHLD,Penny
SMARTLINK,Penny
ALPA,Penny
DECCANCE,Penny
AARVI,Penny
VETO,Penny
OMAXAUTO,Penny
EIMCOELECO,Penny
OCCL,Penny
PREMEXPLN,Penny
KOTAKALPHA,Penny
RAJMET,Penny
ABAN,Penny
DPABHUSHAN,Penny
MACPOWER,Penny
REPRO,Penny
DMCC,Penny
VARDHACRLC,Penny
SPLIL,Penny
STARPAPER,Penny
SANDHAR,Penny
HLVLTD,Penny
VIVIDHA,Penny
SARVESHWAR,Penny
NAHARCAP,Penny
MAHKTECH,Penny
GREENLAM,Penny
TAKE,Penny
JUBLINDS,Penny
BVCL,Penny
CENTRUM,Penny
ZODIAC,Penny
PLASTIBLEN,Penny
CHEVIOT,Penny
SUTLEJTEX,Penny
GRMOVER,Penny
GTL,Penny
PDMJEPAPER,Penny
HARDWYN,Penny
UDAICEMENT,Penny
INDTERRAIN,Penny
GOLDSHARE,Penny
MMP,Penny
MSPL,Penny
MENONBE,Penny
RUBYMILLS,Penny
UFO,Penny
APEX,Penny
BALAXI,Penny
SYNCOMF,Penny
CUBEXTUB,Penny
DYCL,Penny
ARIES,Penny
HCL-INSYS,Penny
ICICIALPLV,Penny
IGPL,Penny
SAKUMA,Penny
CLEDUCATE,Penny
ASHIMASYN,Penny
RSWM,Penny
MBAPL,Penny
GOACARBON,Penny
RML,Penny
SALSTEEL,Penny
KOTAKSILVE,Penny
AURUM,Penny
OMINFRAL,Penny
HDFCNIFETF,Penny
SPENCERS,Penny
SNOWMAN,Penny
EIHAHOTELS,Penny
SASTASUNDR,Penny
WINDLAS,Penny
KHADIM,Penny
MIRCELECTR,Penny
SASKEN,Penny
VARDMNPOLY,Penny
KOTAKNIFTY,Penny
SIMPLEXINF,Penny
SHREDIGCEM,Penny
HEUBACHIND,Penny
FMGOETZE,Penny
EBBETF0430,Penny
INVENTURE,Penny
FAZE3Q,Penny
DODLA,Penny
INDOWIND,Penny
ATFL,Penny
ZUARI,Penny
INDIANHUME,Penny
BINDALAGRO,Penny
ZOTA,Penny
HDFCSILVER,Penny
PRITI,Penny
MMFL,Penny
BROOKS,Penny
NILKAMAL,Penny
SOTL,Penny
EBBETF0431,Penny
INTENTECH,Penny
HERCULES,Penny
HITECHCORP,Penny
TIMESGTY,Penny
CHEMFAB,Penny
EROSMEDIA,Penny
NARMADA,Penny
KITEX,Penny
TBZ,Penny
INSECTICID,Penny
CENTUM,Penny
PPL,Penny
YAARI,Penny
REVATHI,Penny
RANEHOLDIN,Penny
GLOBAL,Penny
TOKYOPLAST,Penny
IIFLSEC,Penny
BBETF0432,Penny
XCHANGING,Penny
MOM100,Penny
INDBANK,Penny
SBIETFIT,Penny
RAMANEWS,Penny
HDFCSENETF,Penny
RAMAPHO,Penny
ICICINV20,Penny
MAGADSUGAR,Penny
ZEEMEDIA,Penny
DHANUKA,Penny
NATHBIOGEN,Penny
BCONCEPTS,Penny
VERANDA,Penny
JSWHL,Penny
UNIDT,Penny
ASAHISONG,Penny
PILANIINVS,Penny
PFS,Penny
RBL,Penny
HTMEDIA,Penny
BIGBLOC,Penny
MITTAL,Penny
FCSSOFT,Penny
SHK,Penny
KUANTUM,Penny
SMLT,Penny
BIRLACABLE,Penny
IRISDOREME,Penny
INDOBORAX,Penny
KSL,Penny
KIOCL,Penny
SATIN,Penny
NAHARINDUS,Penny
GTPL,Penny
DIL,Penny
HINDMOTORS,Penny
ALKALI,Penny
ICICITECH,Penny
IWEL,Penny
SUULD,Penny
AYMSYNTEX,Penny
INTLCONV,Penny
PNBGILTS,Penny
VIKASECO,Penny
KHANDSE,Penny
ADVENZYMES,Penny
KOKUYOCMLN,Penny
GOODYEAR,Penny
TNPETRO,Penny
CHEMBOND,Penny
MANORG,Penny
UTINEXT50,Penny
SETFNN50,Penny
BANSWRAS,Penny
KOTHARIPET,Penny
TRF,Penny
UMAEXPORTS,Penny
DBCORP,Penny
ASALCBR,Penny
ROSSELLIND,Penny
AMRUTANJAN,Penny
DCMNVL,Penny
DHARMAJ,Penny
NAHARPOLY,Penny
GMRP&UI,Penny
KENNAMET,Penny
PROZONINTU,Penny
ICICIBANKN,Penny
COMPINFO,Penny
PRECOT,Penny
VLSFINANCE,Penny
VINDHYATEL,Penny
LAL,Penny
JAGSNPHARM,Penny
ICRA,Penny
ARROWGREEN,Penny
INDNIPPON,Penny
WHEELS,Penny
SHANKARA,Penny
BLISSGVS,Penny
REPL,Penny
OAL,Penny
DPWIRES,Penny
INDOAMIN,Penny
FIVESTAR,Penny
VSTIND,Penny
FOSECOIND,Penny
SUVIDHAA,Penny
KOTAKGOLD,Penny
KOTAKNV20,Penny
ACCURACY,Penny
MANORAMA,Penny
EVERESTIND,Penny
GTLINFRA,Penny
BGRENERGY,Penny
DCMSRIND,Penny
TFCILTD,Penny
KRISHANA,Penny
KOTAKIT,Penny
OSWALSEEDS,Penny
MANGALAM,Penny
GODHA,Penny
KOVAI,Penny
DSSL,Penny
SKIPPER,Penny
RADIANTCMS,Penny
ARCHIES,Penny
SATINDLTD,Penny
MAXVIL,Penny
KAMATHOTEL,Penny
RESPONIND,Penny
SHARDAMOTR,Penny
PIXTRANS,Penny
BANARISUG,Penny
ESTER,Penny
RPGLIFE,Penny
PRESSMN,Penny
DANGEE,Penny
SADBHAV,Penny
ARTEMISMED,Penny
SESHAPAPER,Penny
INFOBEAN,Penny
PRIMESECU,Penny
GVKPIL,Penny
MARINE,Penny
PDSL,Penny
HIMATSEIDE,Penny
ASAL,Penny
DENORA,Penny
AWHCL,Penny
PRAKASHSTL,Penny
VASWANI,Penny
HUHTAMAKI,Penny
POKARNA,Penny
SUBROS,Penny
DIAMONDYD,Penny
ALEMBICLTD,Penny
CHEMCON,Penny
RAMRAT,Penny
MEDICAMEQ,Penny
EBBETF0423,Penny
SURANASOL,Penny
JASH,Penny
JCHAC,Penny
BHARATRAS,Penny
YUKEN,Penny
KAYA,Penny
MUTHOOTCAP,Penny
SRPL,Penny
GOKULAGRO,Penny
HITECH,Penny
KDDL,Penny
VISHWARAJ,Penny
GOCLCORP,Penny
CUPID,Penny
AUTOBEES,Penny
KOTARISUG,Penny
LYKALABS,Penny
GUFICBIO,Penny
JKIL,Penny
CENTENKA,Penny
ELECTCAST,Penny
WEBELSOLAR,Penny
KRITIKA,Penny
LEXUS,Penny
ITI,Penny
BBOX,Penny
MAM150ETF,Penny
MONTECARLO,Penny
TRIGYN,Penny
LUMAXIND,Penny
5PAISA,Penny
NAHARSPING,Penny
TEXMOPIPES,Penny
NURECA,Penny
HUBTOWN,Penny
CANTABIL,Penny
CONTROLPR,Penny
TIDEWATER,Penny
SEAMECLTD,Penny
SHAKTIPUMP,Penny
PUNJABCHEM,Penny
AURIONPRO,Penny
OSIAHYPER,Penny
SOUTHWEST,Equity
RPSGVENT,Equity
RGL,Equity
SOMICONVEY,Equity
HEIDELBERG,Equity
IGARASHI,Equity
ICICIB22,Equity
MANINDS,Equity
VSTTILLERS,Equity
POLYMED,Equity
BASML,Equity
VESUVIUS,Equity
ROTO,Equity
MAHSCOOTER,Equity
ASTRAZEN,Equity
MAYURUNIQ,Equity
SMSPHARMA,Equity
MID150BEES,Equity
SIGACHI,Equity
OMAXE,Equity
COSMOFIRST,Equity
EVEREADY,Equity
BCLIND,Equity
TALBROAUTO,Equity
JETFREIGHT,Equity
ANUP,Equity
VASCONEQ,Equity
ISFT,Equity
SRHHYPOLTD,Equity
DEN,Equity
HESTERBIO,Equity
SUNDRMBRAK,Equity
GEEKAYWIRE,Equity
TCIEXP,Equity
PRAKASH,Equity
SSWL,Equity
SPANDANA,Equity
KESORAMIND,Equity
ONEPOINT,Equity
EXCELINDUS,Equity
ORIENTBELL,Equity
BTML,Equity
SJS,Equity
ARIHANTCAP,Equity
PARACABLES,Equity
ADROITINFO,Equity
3IINFOLTD,Equity
ITDC,Equity
BODALCHEM,Equity
TCI,Equity
INOXGREEN,Equity
HDFCMFGETF,Equity
AAATECH,Equity
CGCL,Equity
MANGCHEFER,Equity
STYLAMIND,Equity
GATEWAY,Equity
ASIANTILES,Equity
AMBICAAGAR,Equity
LIBERTSHOE,Equity
SHREERAMA,Equity
KREBSBIO,Equity
ICICISILVE,Equity
CEREBRAINT,Equity
BBL,Equity
VIPCLOTHNG,Equity
KCPSUGIND,Equity
GEOJITFSL,Equity
MEP,Equity
TARSONS,Equity
NDL,Equity
DREDGECORP,Equity
BALMLAWRIE,Equity
MANALIPETC,Equity
GSS,Equity
RTNPOWER,Equity
DOLLAR,Equity
KOTAKBKETF,Equity
ANDHRSUGAR,Equity
HPL,Equity
ARSHIYA,Equity
DBOL,Equity
BAJAJHCARE,Equity
PHARMABEES,Equity
ONWARDTEC,Equity
GILT5YBEES,Equity
PRUDENT,Equity
XPROINDIA,Equity
GENCON,Equity
MTNL,Equity
PENINLAND,Equity
SHOPERSTOP,Equity
GET&D,Equity
SALZERELEC,Equity
ELIN,Equity
GEPIL,Equity
SHANTIGEAR,Equity
IDBIGOLD,Equity
SPORTKING,Equity
MITCON,Equity
REPCOHOME,Equity
MMTC,Equity
AHLUCONT,Equity
NACLIND,Equity
NBIFIN,Equity
AGARIND,Equity
SPECIALITY,Equity
THEMISMED,Equity
AMBIKCO,Equity
KOTAKPSUBK,Equity
FDC,Equity
GMBREW,Equity
JINDWORLD,Equity
EMIL,Equity
ANMOL,Equity
PANAMAPET,Equity
AGSTRA,Equity
BLKASHYAP,Equity
JTEKTINDIA,Equity
FILATEX,Equity
MAITHANALL,Equity
TATASTLLP,Equity
NELCAST,Equity
VAISHALI,Equity
RAJSREESUG,Equity
AHLADA,Equity
ADSL,Equity
DCMSHRIRAM,Equity
RUSTOMJEE,Equity
20MICRONS,Equity
ECLERX,Equity
MADRASFERT,Equity
KHAICHEM,Equity
BANCOINDIA,Equity
SETFNIFBK,Equity
JMFINANCIL,Equity
MUKANDLTD,Equity
SKMEGGPROD,Equity
KECL,Equity
TECHNOE,Equity
ICEMAKE,Equity
GRINFRA,Equity
MOLDTKPAC,Equity
MALLCOM,Equity
NAVNETEDUL,Equity
ORIENTPPR,Equity
SIS,Equity
VARROC,Equity
DATAMATICS,Equity
MSTCLTD,Equity
RANASUG,Equity
ASHIANA,Equity
LUXIND,Equity
AJMERA,Equity
TEXRAIL,Equity
SETFGOLD,Equity
TIIL,Equity
HEMIPROP,Equity
TMB,Equity
ISGEC,Equity
SURYODAY,Equity
ADFFOODS,Equity
SWARAJENG,Equity
EPL,Equity
PRSMJOHNSN,Equity
PANACEABIO,Equity
SPAL,Equity
NESCO,Equity
GABRIEL,Equity
PONNIERODE,Equity
RAMCOIND,Equity
AKZOINDIA,Equity
GULPOLY,Equity
FINOPB,Equity
ESSENTIA,Equity
RUPA,Equity
HGS,Equity
SVPGLOB,Equity
RAJRATAN,Equity
GANESHHOUC,Equity
TCNSBRANDS,Equity
EXXARO,Equity
GODREJAGRO,Equity
SFL,Equity
DYNPRO,Equity
HCG,Equity
INOXWIND,Equity
BAYERCROP,Equity
ALICON,Equity
KSOLVES,Equity
RICOAUTO,Equity
EBBETF0425,Equity
KANSAINER,Equity
DCW,Equity
KFINTECH,Equity
BEPL,Equity
HLEGLAS,Equity
PGEL,Equity
TIPSINDLTD,Equity
SARDAEN,Equity
KCP,Equity
TVTODAY,Equity
NAVKARCORP,Equity
IFCI,Equity
BASF,Equity
DONEAR,Equity
PATELENG,Equity
THOMASCOOK,Equity
HINDOILEXP,Equity
SELAN,Equity
SUPRAJIT,Equity
TASTYBITE,Equity
SOLARA,Equity
PRECWIRE,Equity
SMLISUZU,Equity
PITTIENG,Equity
63MOONS,Equity
ICICIGOLD,Equity
BAJAJELEC,Equity
SAKHTISUG,Equity
JAMNAAUTO,Equity
GLAXO,Equity
GRWRHITECH,Equity
CMSINFO,Equity
NRBBEARING,Equity
KABRAEXTRU,Equity
MOIL,Equity
INDOCO,Equity
WALCHANNAG,Equity
GREENPLY,Equity
MAHLOG,Equity
SBCL,Equity
SPICEJET,Equity
BBTC,Equity
ARIHANTSUP,Equity
HERANBA,Equity
SHALBY,Equity
BOROLTD,Equity
ARVSMART,Equity
JUBLPHARMA,Equity
DYNAMATECH,Equity
NIACL,Equity
TEMBO,Equity
GANESHBE,Equity
GIPCL,Equity
EMUDHRA,Equity
GARFIBRES,Equity
SCAPDVR,Equity
NDRAUTO,Equity
MAFANG,Equity
SCHNEIDER,Equity
SPLPETRO,Equity
BIKAJI,Equity
NRL,Equity
SATIA,Equity
BFUTILITIE,Equity
CPSEETF,Equity
TI,Equity
MEDICO,Equity
SAH,Equity
MANGLMCEM,Equity
DHANBANK,Equity
APLLTD,Equity
UTTAMSUGAR,Equity
TARC,Equity
CLSEL,Equity
MFL,Equity
KKCL,Equity
HIL,Equity
KELLTONTEC,Equity
TRU,Equity
RAMCOSYS,Equity
AETHER,Equity
CARTRADE,Equity
ASTEC,Equity
GUJALKALI,Equity
KMSUGAR,Equity
IMFA,Equity
MOTILALOFS,Equity
JWL,Equity
JINDALPHOT,Equity
SUPRIYA,Equity
VISAKAIND,Equity
HPAL,Equity
CYBERTECH,Equity
ETHOSLTD,Equity
BESTAGRO,Equity
JSWISPL,Equity
SHIVALIK,Equity
TCPLPACK,Equity
TEGA,Equity
TRACXN,Equity
LGBBROSLTD,Equity
SHRIRAMPPS,Equity
SKFINDIA,Equity
INDIGOPNTS,Equity
AKI,Equity
CARERATING,Equity
SPIC,Equity
SETFNIF50,Equity
NELCO,Equity
TATAMETALI,Equity
TTKPRESTIG,Equity
MOL,Equity
IMAGICAA,Equity
MAWANASUG,Equity
KINGFA,Equity
TDPOWERSYS,Equity
CONFIPET,Equity
KOHINOOR,Equity
STARCEMENT,Equity
RBA,Equity
SUNDARMFIN,Equity
VENKEYS,Equity
ANDHRAPAP,Equity
RITES,Equity
DIVGIITTS,Equity
ENDURANCE,Equity
LANDMARK,Equity
HERITGFOOD,Equity
SCPL,Equity
STYRENIX,Equity
ROLEXRINGS,Equity
ICICINIFTY,Equity
UNIPARTS,Equity
FAIRCHEMOR,Equity
BAJAJCON,Equity
GAEL,Equity
VADILALIND,Equity
VGUARD,Equity
FOODSIN,Equity
GOLDIAM,Equity
ERIS,Equity
TRIL,Equity
IONEXCHANG,Equity
CASTROLIND,Equity
ISEC,Equity
COFFEEDAY,Equity
GENUSPOWER,Equity
UFLEX,Equity
RSYSTEMS,Equity
MANINFRA,Equity
SANSERA,Equity
PGHH,Equity
PENIND,Equity
LUMAXTECH,Equity
SUNCLAYLTD,Equity
ENGINERSIN,Equity
CAPACITE,Equity
AXISCADES,Equity
ORIENTHOT,Equity
SUDARSCHEM,Equity
EMAMIREAL,Equity
RELAXO,Equity
NCLIND,Equity
AVANTIFEED,Equity
DEEPINDS,Equity
ADORWELD,Equity
CARYSIL,Equity
SUNFLAG,Equity
PURVA,Equity
CCL,Equity
NAVA,Equity
HONDAPOWER,Equity
DAAWAT,Equity
APTUS,Equity
FORCEMOT,Equity
MAHLIFE,Equity
DCXINDIA,Equity
GICHSGFIN,Equity
ISMTLTD,Equity
RALLIS,Equity
RATEGAIN,Equity
KIRLOSIND,Equity
ASTRAMICRO,Equity
VOLTAMP,Equity
URJA,Equity
AVADHSUGAR,Equity
SHAREINDIA,Equity
GOCOLORS,Equity
GREENPANEL,Equity
ROHLTD,Equity
FOCUS,Equity
JPOLYINVST,Equity
JUNIORBEES,Equity
LANCER,Equity
EIHOTEL,Equity
PGHL,Equity
GOKEX,Equity
NETWORK18,Equity
UNIVCABLES,Equity
SHYAMMETL,Equity
CAREERP,Equity
STAR,Equity
PAISALO,Equity
MRPL,Equity
MON100,Equity
THYROCARE,Equity
ARVINDFASN,Equity
VIJAYA,Equity
LOKESHMACH,Equity
AMBER,Equity
TNPL,Equity
SBC,Equity
HATHWAY,Equity
VISHNU,Equity
RATNAMANI,Equity
SUVEN,Equity
RAMASTEEL,Equity
ITDCEM,Equity
PSUBNKBEES,Equity
RAMKY,Equity
TINPLATE,Equity
RELIGARE,Equity
RTNINDIA,Equity
SAFARI,Equity
CARBORUNIV,Equity
TVSSRICHAK,Equity
ORIENTCEM,Equity
SALASAR,Equity
PRIVISCL,Equity
KNRCON,Equity
PCBL,Equity
VIKASLIFE,Equity
BIRLACORPN,Equity
HINDWAREAP,Equity
ZFCVINDIA,Equity
RAILTEL,Equity
GRAUWEIL,Equity
KRSNAA,Equity
LSIL,Equity
PARADEEP,Equity
JAGRAN,Equity
AJANTPHARM,Equity
NUVOCO,Equity
BEML,Equity
LIKHITHA,Equity
WESTLIFE,Equity
MONARCH,Equity
NDTV,Equity
EXPLEOSOL,Equity
PRECAM,Equity
CESC,Equity
SIYSIL,Equity
INFIBEAM,Equity
SUNTECK,Equity
MARATHON,Equity
LINC,Equity
GREENPOWER,Equity
THERMAX,Equity
TIRUMALCHM,Equity
KSCL,Equity
RUSHIL,Equity
IPL,Equity
BLUESTARCO,Equity
PCJEWELLER,Equity
SANGHVIMOV,Equity
LAOPALA,Equity
ACI,Equity
KPIGREEN,Equity
JTLIND,Equity
SJVN,Equity
AMIORG,Equity
ORISSAMINE,Equity
MHLXMIRU,Equity
WABAG,Equity
JPASSOCIAT,Equity
ABSLAMC,Equity
SUBEXLTD,Equity
MAPMYINDIA,Equity
INDIAGLYCO,Equity
OPTIEMUS,Equity
ACCELYA,Equity
DALMIASUG,Equity
GNA,Equity
FINPIPE,Equity
ASHAPURMIN,Equity
GILLETTE,Equity
RAJESHEXPO,Equity
SCHAND,Equity
AGI,Equity
SPARC,Equity
DCAL,Equity
DLINKINDIA,Equity
EDELWEISS,Equity
ELGIEQUIP,Equity
DISHTV,Equity
SWSOLAR,Equity
KEC,Equity
KRBL,Equity
GALAXYSURF,Equity
3MINDIA,Equity
ARVIND,Equity
MPSLTD,Equity
SHREYAS,Equity
FCL,Equity
GLS,Equity
CHALET,Equity
VAIBHAVGBL,Equity
VIDHIING,Equity
ASHOKA,Equity
JINDALPOLY,Equity
GODREJIND,Equity
UTIAMC,Equity
ALOKINDS,Equity
PFOCUS,Equity
VALIANTORG,Equity
WHIRLPOOL,Equity
POLYPLEX,Equity
MAHSEAMLES,Equity
BFINVEST,Equity
GATI,Equity
NITINSPIN,Equity
UJJIVANSFB,Equity
DBL,Equity
HUDCO,Equity
HIKAL,Equity
GMDCLTD,Equity
FSL,Equity
SAPPHIRE,Equity
SOMANYCERA,Equity
MASFIN,Equity
WELSPUNIND,Equity
INGERRAND,Equity
EIDPARRY,Equity
STLTECH,Equity
AUTOAXLES,Equity
HSCL,Equity
GRINDWELL,Equity
MARKSANS,Equity
HNDFDS,Equity
TIMETECHNO,Equity
SAREGAMA,Equity
GLOBUSSPR,Equity
SIRCA,Equity
ORIENTELEC,Equity
UJJIVAN,Equity
SANGHIIND,Equity
DREAMFOLKS,Equity
TATACOFFEE,Equity
SPCENET,Equity
CHOLAHLDNG,Equity
FIEMIND,Equity
CERA,Equity
LINCOLN,Equity
PNCINFRA,Equity
METROBRAND,Equity
APCOTEXIND,Equity
CRAFTSMAN,Equity
NOCIL,Equity
PARAGMILK,Equity
TATVA,Equity
SYMPHONY,Equity
ICIL,Equity
ANANDRATHI,Equity
GANECOS,Equity
JYOTHYLAB,Equity
GOODLUCK,Equity
BORORENEW,Equity
JISLJALEQS,Equity
BRIGADE,Equity
VTL,Equity
LAXMIMACH,Equity
NLCINDIA,Equity
KIRLFER,Equity
GREAVESCOT,Equity
POWERINDIA,Equity
GSFC,Equity
SILVER,Equity
ESABINDIA,Equity
LATENTVIEW,Equity
SUMICHEM,Equity
GICRE,Equity
MOREPENLAB,Equity
NEULANDLAB,Equity
ITBEES,Equity
GPPL,Equity
WELENT,Equity
UGARSUGAR,Equity
AAVAS,Equity
EASEMYTRIP,Equity
KIRLOSENG,Equity
NSLNISP,Equity
RAIN,Equity
DWARKESH,Equity
IRCON,Equity
JINDRILL,Equity
TAJGVK,Equity
CAPLIPOINT,Equity
FUSION,Equity
STOVEKRAFT,Equity
VSSL,Equity
GMMPFAUDLR,Equity
MAHINDCIE,Equity
SEQUENT,Equity
SAKSOFT,Equity
HBLPOWER,Equity
KSB,Equity
STEELXIND,Equity
PRAJIND,Equity
EMAMILTD,Equity
HOMEFIRST,Equity
ASAHIINDIA,Equity
SWANENERGY,Equity
VENUSREM,Equity
HAPPSTMNDS,Equity
ALLCARGO,Equity
TTKHLTCARE,Equity
PTC,Equity
RIIL,Equity
JAICORPLTD,Equity
360ONE,Equity
GPIL,Equity
APOLLO,Equity
WOCKPHARMA,Equity
IZMO,Equity
KAMDHENU,Equity
TV18BRDCST,Equity
JKPAPER,Equity
GRANULES,Equity
WSTCSTPAPR,Equity
AMARAJABAT,Equity
DHAMPURSUG,Equity
ASTERDM,Equity
SHARDACROP,Equity
CSBBANK,Equity
UGROCAP,Equity
FORTIS,Equity
BECTORFOOD,Equity
MIDHANI,Equity
PRINCEPIPE,Equity
TATAINVEST,Equity
NUCLEUS,Equity
KTKBANK,Equity
GRAVITA,Equity
POWERMECH,Equity
NH,Equity
JUSTDIAL,Equity
KOLTEPATIL,Equity
CHEMPLASTS,Equity
KIMS,Equity
KOPRAN,Equity
VRLLOG,Equity
CENTURYPLY,Equity
STERTOOLS,Equity
BHARATWIRE,Equity
AEGISCHEM,Equity
GRSE,Equity
SANOFI,Equity
SULA,Equity
HCC,Equity
LXCHEM,Equity
WELCORP,Equity
CEATLTD,Equity
CAMS,Equity
NATCOPHARM,Equity
JKCEMENT,Equity
GODFRYPHLP,Equity
PSB,Equity
MASTEK,Equity
CHOICEIN,Equity
IDBI,Equity
CREDITACC,Equity
SILVERBEES,Equity
KIRIINDUS,Equity
ACE,Equity
JKTYRE,Equity
CHAMBLFERT,Equity
NEWGEN,Equity
FINEORG,Equity
NAZARA,Equity
AARTIPHARM,Equity
RAMCOCEM,Equity
TEAMLEASE,Equity
ATULAUTO,Equity
APTECHT,Equity
MOLDTECH,Equity
RHIM,Equity
IIFL,Equity
SAGCEM,Equity
CAMLINFINE,Equity
RCF,Equity
CHENNPETRO,Equity
IOLCP,Equity
DCBBANK,Equity
OFSS,Equity
SKYGOLD,Equity
GOLDBEES,Equity
VERTOZ,Equity
CENTRALBK,Equity
BARBEQUE,Equity
DEEPAKFERT,Equity
SEPC,Equity
VIPIND,Equity
JKLAKSHMI,Equity
SUPREMEIND,Equity
MHRIL,Equity
NFL,Equity
VIMTALABS,Equity
METROPOLIS,Equity
LAMBODHARA,Equity
AARTIIND,Equity
KALYANKJIL,Equity
BLUEDART,Equity
KAYNES,Equity
PNBHOUSING,Equity
KARURVYSYA,Equity
SUNTV,Equity
L&TFH,Equity
MEDPLUS,Equity
PSPPROJECT,Equity
JUBLINGREA,Equity
PHOENIXLTD,Equity
TRIVENI,Equity
CENTURYTEX,Equity
CRISIL,Equity
CIGNITITEC,Equity
MEDANTA,Equity
IDFC,Equity
BAJAJHIND,Equity
HEG,Equity
TWL,Equity
RKFORGE,Equity
MTARTECH,Equity
PPLPHARMA,Equity
SDBL,Equity
WONDERLA,Equity
GNFC,Equity
SYRMA,Equity
VINATIORGA,Equity
UNOMINDA,Equity
TTML,Equity
CROMPTON,Equity
KIRLOSBROS,Equity
JSWENERGY,Equity
JSL,Equity
TANLA,Equity
J&KBANK,Equity
NIITLTD,Equity
IDEA,Equity
KAJARIACER,Equity
CAMPUS,Equity
SURYAROSNI,Equity
LINDEINDIA,Equity
GSPL,Equity
BSOFT,Equity
HINDCOPPER,Equity
SOUTHBANK,Equity
INDIANB,Equity
NAM-INDIA,Equity
TEJASNET,Equity
HFCL,Equity
SOLARINDS,Equity
HINDZINC,Equity
IOC,Equity
ANANTRAJ,Equity
HGINFRA,Equity
ZYDUSWELL,Equity
AIAENG,Equity
JPPOWER,Equity
PFIZER,Equity
BAJAJHLDNG,Equity
IOB,Equity
GLAND,Equity
LALPATHLAB,Equity
INDIACEM,Equity
TIMKEN,Equity
MRF,Equity
MINDACORP,Equity
COROMANDEL,Equity
RAINBOW,Equity
LUPIN,Equity
GMRINFRA,Equity
MANYAVAR,Equity
HDFCAMC,Equity
MAHABANK,Equity
BANKBEES,Equity
HARSHA,Equity
NCC,Equity
SUNDRMFAST,Equity
ONMOBILE,Equity
TORNTPHARM,Equity
HARIOMPIPE,Equity
HINDPETRO,Equity
ATUL,Equity
OIL,Equity
COCHINSHIP,Equity
IRFC,Equity
ZENSARTECH,Equity
DBREALTY,Equity
PVR,Equity
ALKYLAMINE,Equity
CYIENT,Equity
HONAUT,Equity
TATACOMM,Equity
ICICILIQ,Equity
USHAMART,Equity
JBCHEPHARM,Equity
AFFLE,Equity
QUESS,Equity
PIIND,Equity
TRITURBINE,Equity
BOMDYEING,Equity
BSE,Equity
APOLLOPIPE,Equity
ZENTEC,Equity
KAMOPAINTS,Equity
TRENT,Equity
TVSELECT,Equity
REFEX,Equity
SBICARD,Equity
LIQUIDETF,Equity
UCOBANK,Equity
GRAPHITE,Equity
CGPOWER,Equity
KPRMILL,Equity
POONAWALLA,Equity
RENUKA,Equity
EQUITASBNK,Equity
APARINDS,Equity
VMART,Equity
CDSL,Equity
STARHEALTH,Equity
ABBOTINDIA,Equity
PRICOLLTD,Equity
FACT,Equity
LICHSGFIN,Equity
ATGL,Equity
SUZLON,Equity
CUB,Equity
LICI,Equity
NAUKRI,Equity
UNICHEMLAB,Equity
JINDALSAW,Equity
ICICIGI,Equity
SYNGENE,Equity
MCX,Equity
EKC,Equity
FINCABLES,Equity
MSUMI,Equity
OLECTRA,Equity
BCG,Equity
MAZDOCK,Equity
INTELLECT,Equity
DHANI,Equity
DIVISLAB,Equity
PEL,Equity
TATAMTRDVR,Equity
PARAS,Equity
REDINGTON,Equity
LAURUSLABS,Equity
SCHAEFFLER,Equity
ADANITRANS,Equity
RVNL,Equity
GESHIP,Equity
NHPC,Equity
FLUOROCHEM,Equity
IRB,Equity
ACC,Equity
SONACOMS,Equity
BPCL,Equity
MOTHERSON,Equity
AXITA,Equity
ABCAPITAL,Equity
DEVYANI,Equity
APLAPOLLO,Equity
SOBHA,Equity
COLPAL,Equity
DEEPAKNTR,Equity
BHARATFORG,Equity
CLEAN,Equity
ELECON,Equity
NBCC,Equity
ZEEL,Equity
GLENMARK,Equity
MARICO,Equity
ANGELONE,Equity
UPL,Equity
NIFTYBEES,Equity
GODREJCP,Equity
NATIONALUM,Equity
INDIAMART,Equity
GSLSU,Equity
IPCALAB,Equity
TATACONSUM,Equity
NMDC,Equity
MCDOWELL-N,Equity
GUJGASLTD,Equity
PETRONET,Equity
EXIDEIND,Equity
ROUTE,Equity
ALKEM,Equity
BALAMINES,Equity
HAVELLS,Equity
SHRIRAMFIN,Equity
INDIGO,Equity
ZYDUSLIFE,Equity
VENUSPIPES,Equity
M&MFIN,Equity
RBLBANK,Equity
AARTIDRUGS,Equity
TORNTPOWER,Equity
RAYMOND,Equity
ANURAS,Equity
TATACHEM,Equity
KALPATPOWR,Equity
BANKINDIA,Equity
INDUSTOWER,Equity
LODHA,Equity
CANFINHOME,Equity
VINYLINDIA,Equity
PAGEIND,Equity
IBREALEST,Equity
ICICIPRULI,Equity
YESBANK,Equity
ASTRAL,Equity
MGL,Equity
PIDILITIND,Equity
AARTISURF,Equity
DMART,Equity
KEI,Equity
BIOCON,Equity
JUBLFOOD,Equity
JBMA,Equity
UNIONBANK,Equity
SIEMENS,Equity
GRASIM,Equity
OBEROIRLTY,Equity
SUVENPHAR,Equity
LEMONTREE,Equity
IRCTC,Equity
DALBHARAT,Equity
AUROPHARMA,Equity
COFORGE,Equity
BERGEPAINT,Equity
BALKRISIND,Equity
BDL,Equity
ESCORTS,Equity
VAKRANGEE,Equity
MUTHOOTFIN,Equity
PERSISTENT,Equity
UBL,Equity
BEL,Equity
RECLTD,Equity
VOLTAS,Equity
ABFRL,Equity
NESTLEIND,Equity
BHEL,Equity
POWERGRID,Equity
GAIL,Equity
BALRAMCHIN,Equity
LTIM,Equity
COALINDIA,Equity
LTTS,Equity
TIINDIA,Equity
BOSCHLTD,Equity
MPHASIS,Equity
TATAPOWER,Equity
FEDERALBNK,Equity
SBILIFE,Equity
MAXHEALTH,Equity
RADICO,Equity
IDFCFIRSTB,Equity
BRITANNIA,Equity
BATAINDIA,Equity
DELTACORP,Equity
JINDALSTEL,Equity
ADANIGREEN,Equity
APOLLOTYRE,Equity
ADANIPOWER,Equity
AUBANK,Equity
BANDHANBNK,Equity
IBULHSGFIN,Equity
MFSL,Equity
ASHOKLEY,Equity
DELHIVERY,Equity
TRIDENT,Equity
SHREECEM,Equity
APOLLOHOSP,Equity
RELINFRA,Equity
TVSMOTOR,Equity
BLS,Equity
WIPRO,Equity
DATAPATTNS,Equity
AWL,Equity
CUMMINSIND,Equity
AMBUJACEM,Equity
PRESTIGE,Equity
PFC,Equity
INDHOTEL,Equity
HEROMOTOCO,Equity
IGL,Equity
DIXON,Equity
GODREJPROP,Equity
POLYCAB,Equity
SONATSOFTW,Equity
NYKAA,Equity
SAIL,Equity
PAYTM,Equity
TECHM,Equity
CIPLA,Equity
ABB,Equity
NTPC,Equity
VBL,Equity
TATAELXSI,Equity
BAJAJFINSV,Equity
MANAPPURAM,Equity
PNB,Equity
IEX,Equity
SUNPHARMA,Equity
DABUR,Equity
POLICYBZR,Equity
EICHERMOT,Equity
RPOWER,Equity
HAL,Equity
HDFCLIFE,Equity
HINDALCO,Equity
INDUSINDBK,Equity
CANBK,Equity
ONGC,Equity
TITAN,Equity
NAVINFLUOR,Equity
ROSSARI,Equity
DRREDDY,Equity
ZOMATO,Equity
HINDUNILVR,Equity
VEDL,Equity
SRF,Equity
CHOLAFIN,Equity
NEOGEN,Equity
ADANIPORTS,Equity
LIQUIDBEES,Equity
HCLTECH,Equity
BHARTIARTL,Equity
ULTRACEMCO,Equity
CONCOR,Equity
BAJAJ-AUTO,Equity
JSWSTEEL,Equity
M&M,Equity
LT,Equity
KPITTECH,Equity
DLF,Equity
ASIANPAINT,Equity
MARUTI,Equity
BANKBARODA,Equity
SHILPAMED,Equity
BAJFINANCE,Equity
ADANIENT,Equity
TATASTEEL,Equity
TATAMOTORS,Equity
ITC,Equity
TCS,Equity
INFY,Equity
RELIANCE,Equity
HDFC,Equity
SBIN,Equity
KOTAKBANK,Equity
AXISBANK,Equity
ICICIBANK,Equity
HDFCBANK,Equity
